name,distance,moving_time,elapsed_time,total_elevation_gain,type,id,start_date_local,gear_id,average_speed,max_speed,average_cadence,average_heartrate,max_heartrate
Easy Morning Run,10050.6,3139,3150,29,Run,4140005553,2020-10-02T05:35:45Z,g6367487,3.202,7.1,88.2,151.9,164
Berlin Tempo Run,10010.1,2927,2930,25,Run,4126395768,2020-09-29T05:40:01Z,g6367487,3.42,5.7,89.9,162.9,180
Afternoon Run,20029.8,6208,6285,65,Run,4114604297,2020-09-26T14:26:14Z,g6367487,3.226,6.1,87.2,153.8,165
Easy Morning Run,10043.2,3141,3141,29,Run,4104490133,2020-09-24T05:35:13Z,g6367487,3.197,4.5,87.9,149.7,161
Morning Run,10033.8,2941,2941,28,Run,4099957779,2020-09-23T05:38:13Z,g6956925,3.412,6,88,161.9,182
Easy Morning Run,10109.8,3136,3139,28,Run,4085178071,2020-09-20T05:41:07Z,g6367487,3.224,6.3,87.3,147.5,157
Post-Guinness Jog,8011,2531,2549,22,Run,4071403713,2020-09-17T05:39:18Z,g6367487,3.165,5.3,86.7,147.7,160
Tempo Next% Tryout,8060.1,2244,2247,27,Run,4066539171,2020-09-16T05:37:22Z,g6956925,3.592,8.5,88.1,162.6,178
Morning Run,10052.3,3007,3024,28,Run,4061449705,2020-09-15T05:42:48Z,g4644595,3.343,5.4,88.7,160.2,175
Berlin Morning Run,10082.3,3089,3089,30,Run,4051499211,2020-09-13T05:41:11Z,g6367487,3.264,5.9,89.4,153,170
üòÖ Grunewald Trail,8069.4,2810,3025,124,Run,4048574413,2020-09-12T14:57:01Z,g6905099,2.872,5.6,80.8,154.8,174
Berlin Morning Run,10021.4,3035,3038,27,Run,4037731877,2020-09-10T05:41:46Z,g6367487,3.302,5.5,88.4,159.5,174
Berlin Morning Run,10038.1,2992,3005,32.8,Run,4028747527,2020-09-08T05:40:36Z,g6367487,3.355,5.3,,165.8,180
Grunewald Trail Light,7750.6,2780,2839,132,Run,4015772944,2020-09-05T15:41:52Z,g6905094,2.788,5.3,82.5,155.1,179
Berlin Morning Run,8008.3,2425,2450,22,Run,4003965048,2020-09-03T05:49:16Z,g6367487,3.302,5.8,89.8,156.6,172
Berlin Morning Run,8007,2459,2476,25,Run,3999205777,2020-09-02T05:46:25Z,g6367487,3.256,5.7,73.3,157,167
Berlin Morning Run,8008.8,2432,2453,25,Run,3984684162,2020-08-30T05:43:55Z,g6367487,3.293,6.3,88.2,154.3,167
Berlin Morning Run,10134.2,3062,3065,29,Run,3980027382,2020-08-29T05:36:39Z,g6367487,3.31,7.2,89.1,158.9,174
Berlin Morning Run,8042.1,2401,2404,32,Run,3976023324,2020-08-28T05:36:01Z,g6367487,3.349,5.5,88,163.4,179
[R] Active Recovery,8014.6,2541,2562,24,Run,3957396114,2020-08-24T05:36:38Z,g6367487,3.154,5.2,86.8,151.7,163
Berlin Morning Run,10076.4,3051,3054,30,Run,3952342897,2020-08-23T05:44:12Z,g6367487,3.303,6.1,88.8,164.6,180
Berlin Morning Run,10108.4,3153,3165,29,Run,3928980048,2020-08-18T05:33:21Z,g6367487,3.206,5.5,87.5,160,178
Berlin Morning Run,10095,3165,3172,30,Run,3905358479,2020-08-13T05:34:55Z,g6367487,3.19,5.8,88.2,155.5,166
Berlin Morning Run,8027.4,2488,2488,22,Run,3895448633,2020-08-11T05:53:51Z,g6367487,3.226,5.6,87.7,152.9,165
Berlin Morning Run,8058.7,2500,2500,25,Run,3885712055,2020-08-09T05:54:35Z,g6367487,3.223,8.2,88.8,151.3,165
Berlin Morning Run,8011.2,2520,2520,27,Run,3876336380,2020-08-07T05:41:02Z,g6367487,3.179,5.8,88.1,149.9,161
Berlin Morning Run,10055.6,2943,2947,28,Run,3861208113,2020-08-04T05:42:27Z,g6367487,3.417,6.1,92,160.2,188
Berlin Morning Run,8016.3,2474,2480,25,Run,3856506376,2020-08-03T05:44:26Z,g6367487,3.24,5.3,87.9,156.5,173
Berlin Morning Run,8024.2,2469,2472,26,Run,3836358868,2020-07-30T05:49:00Z,g6367487,3.25,7.5,88.6,153.5,164
Berlin Morning Run,8011.9,2519,2519,24,Run,3836358686,2020-07-25T05:49:31Z,g6367487,3.181,5.6,87.1,147.5,157
Berlin Morning Run,10057.6,3082,3082,28,Run,3836358546,2020-07-23T05:36:36Z,g6367487,3.263,6.3,88.8,154.4,177
Berlin Morning Run,10036.4,2971,2974,30,Run,3793507090,2020-07-21T05:37:06Z,g6367487,3.378,5.4,90.8,156.6,178
Berlin Morning Run,8025,2518,2521,28,Run,3783313535,2020-07-19T05:46:56Z,g6367487,3.187,5.6,88.2,145.8,156
Berlin Morning Run,12020.5,3679,3679,30,Run,3778219460,2020-07-18T05:34:03Z,g6367487,3.267,5.3,90,152,163
Berlin Morning Run,12007.7,3638,3666,28,Run,3769172028,2020-07-16T05:38:01Z,g6367487,3.301,6.2,91.2,150.9,161
Berlin Morning Run,10020.6,3002,3009,28,Run,3764273014,2020-07-15T05:37:56Z,g6367487,3.338,5.3,90.7,156.1,172
[R] Active Recovery,7994,2553,2553,25,Run,3759074267,2020-07-14T05:39:27Z,g6367487,3.131,5.3,88.3,150.9,163
Morning Run,10018.3,3072,3072,28,Run,3739508041,2020-07-10T05:39:05Z,g6367487,3.261,5.9,89.7,152.2,163
Morning Run,10022,3043,3049,30,Run,3734815727,2020-07-09T05:41:25Z,g6367487,3.293,5.5,90.7,150.9,159
Morning Run,10042.1,3030,3038,30,Run,3730100675,2020-07-08T05:42:28Z,g6367487,3.314,6.7,89.4,152.8,163
Morning Run,8172.5,2451,2488,23,Run,3720302305,2020-07-06T05:43:43Z,g6367487,3.334,10.7,87.2,148.3,160
Morning Run,10056.9,3069,3069,28,Run,3710059231,2020-07-04T05:37:46Z,g6367487,3.277,4.9,89.5,151.4,161
Berlin Morning Run,12001.3,3444,3477,27,Run,3705773075,2020-07-03T05:34:28Z,g6367487,3.485,6.2,92.5,161.1,179
Berlin Morning Run,10033.6,3058,3075,28,Run,3700981393,2020-07-02T05:39:00Z,g6367487,3.281,5.3,89.2,154.2,165
[R] Recovery Run,8021.8,2523,2529,25,Run,3696066733,2020-07-01T05:43:46Z,g6367487,3.179,5.1,87.5,152.1,161
Berlin Morning Run,10027.7,2755,2755,27,Run,3686653110,2020-06-29T05:44:05Z,g6367487,3.64,5.8,95.5,167.8,178
Berlin Morning Run,10041.2,3031,3034,31,Run,3676480428,2020-06-27T05:43:18Z,g6367487,3.313,5.3,90,157.7,175
Easy Berlin Morning Run,7695.9,2339,2344,25,Run,3672179872,2020-06-26T05:50:25Z,g6367487,3.29,7.3,89.7,154.2,164
Berlin Morning Run,10029.6,2919,2919,25,Run,3662201078,2020-06-24T05:40:05Z,g6367487,3.436,5.8,93.4,162.7,178
Berlin Morning Run,10032.1,3038,3048,27,Run,3656792440,2020-06-23T05:41:24Z,g6367487,3.302,5.3,91.7,153.9,167
Easy Berlin Morning Run,8016.8,2524,2524,26,Run,3651949366,2020-06-22T05:42:51Z,g6367487,3.176,4.9,88.7,147.1,154
Berlin Morning Run,12014.7,3738,3738,31,Run,3646574254,2020-06-21T05:40:23Z,g6367487,3.214,6.1,90.8,151.8,159
Easy Berlin Morning Run,8008.5,2519,2519,25,Run,3636768206,2020-06-19T05:45:55Z,g6367487,3.179,5.4,87.9,154.3,166
Berlin Morning Run,10060,2960,2960,28,Run,3632089363,2020-06-18T05:38:00Z,g6367487,3.399,5.7,91.8,162.8,179
Berlin Morning Run,10029.9,3060,3070,28,Run,3627054546,2020-06-17T05:38:08Z,g6367487,3.278,4.9,90.4,156.8,172
Berlin Morning Run,10053.7,3082,3093,27,Run,3616826719,2020-06-15T05:34:18Z,g6367487,3.262,5.6,89.8,154.7,167
Berlin Morning Run,10027.4,3080,3080,28,Run,3611045367,2020-06-14T05:49:46Z,g6367487,3.256,5.3,89.6,156.4,167
Berlin Morning Run,12011.8,3521,3524,32,Run,3601064760,2020-06-12T05:26:55Z,g5236628,3.411,5.1,92.5,163.2,181
[R] Active Recovery,8014.4,2546,2546,23,Run,3596075135,2020-06-11T05:43:27Z,g5236628,3.148,5.1,87.6,154.4,165
Berlin Morning Run,10015,2942,2942,32,Run,3591241939,2020-06-10T05:28:50Z,g5236628,3.404,5,90.4,166.2,181
Berlin Morning Run,10021,3021,3034,27,Run,3581060744,2020-06-08T05:35:46Z,g5236628,3.317,5.7,89.4,162.1,176
Berlin Morning Run,10000.3,3089,3111,28,Run,3550565460,2020-06-02T05:37:31Z,g5236628,3.237,5.6,89.6,155.1,166
Berlin Morning Run,10131.8,2774,2778,28,Run,3533591853,2020-05-30T05:40:29Z,g5236628,3.652,9.6,94.7,168.7,186
Berlin Morning Run,10023.5,3039,3039,27,Run,3523598449,2020-05-28T05:35:47Z,g5236628,3.298,6.2,89.6,159.9,174
Berlin Morning Run,10329,3134,3138,28,Run,3507249384,2020-05-25T05:39:50Z,g5236628,3.296,8,89.1,157,176
Berlin Morning Run,8044.2,2533,2533,28,Run,3507193383,2020-05-22T05:43:24Z,g5236628,3.176,5.7,88.1,152.8,164
Berlin Morning Run,10030.8,3190,3190,30,Run,3474817722,2020-05-19T05:29:35Z,g5236628,3.144,4.5,88.7,153.9,164
[R] Active Recovery,8029.1,2552,2552,25,Run,3469780082,2020-05-18T05:39:10Z,g5236628,3.146,7,89.2,148.6,158
[R] Active Recovery,8021.6,2579,2594,22,Run,3453095754,2020-05-15T05:43:37Z,g5236628,3.11,12.3,87.5,157.1,167
Berlin Morning Run,10014.8,3142,3153,34,Run,3432808427,2020-05-11T05:36:08Z,g5236628,3.187,4.4,90.1,156.2,174
[R] Active Recovery,8021.4,2568,2584,23,Run,3411254202,2020-05-07T05:38:19Z,g5236628,3.124,4.8,86.6,151.4,161
Berlin Morning Run,10026.6,3077,3077,30,Run,3394696449,2020-05-04T05:37:27Z,g5236628,3.259,5.5,90.7,156.6,173
Berlin Morning Run,8179,2543,2552,26.3,Run,3382877273,2020-05-02T05:47:43Z,g5236628,3.216,5.1,,,
Berlin Morning Run,16122.3,5075,5087,42,Run,3373679810,2020-04-30T05:05:45Z,g5236628,3.177,6.2,88.1,155,165
[R] Active Recovery,8043,2556,2568,24,Run,3364316044,2020-04-28T05:41:49Z,g5236628,3.147,4.7,87.5,152.9,160
Grunewaldturm,23050.5,7481,7788,138,Run,3354603844,2020-04-26T08:49:35Z,g5236628,3.081,5.6,87.1,162.7,185
Berlin Morning Run,10022.7,3124,3124,29,Run,3339141212,2020-04-23T05:38:56Z,g5236628,3.208,5.6,89,157.8,166
Berlin Berlin Morning Run,10031.4,3145,3159,35,Run,3329106989,2020-04-21T05:37:04Z,g5236628,3.19,5.3,89.1,158.8,170
Berlin THF Touch and Go,14542.9,4454,4532,39,Run,3319630722,2020-04-19T08:55:47Z,g5236628,3.265,11.6,89.3,160.5,179
Berlin Afternoon Run,10048.2,3161,3296,35,Run,3312242713,2020-04-17T17:07:50Z,g5236628,3.179,5.4,86.6,159.8,177
Berlin Berlin Morning Run,10052.5,3105,3115,31,Run,3300636659,2020-04-15T05:38:43Z,g5236628,3.238,6.7,90,155.6,164
Berlin Morning Run,10034.2,3194,3194,49,Run,3291866472,2020-04-13T06:35:33Z,g5236628,3.142,4.7,87.1,152.9,165
Berlin Morning Run,10152.5,3167,3180,31,Run,3282464374,2020-04-11T05:34:52Z,g5236628,3.206,8,88.8,155.8,164
Berlin Morning Run,10034,3220,3220,27,Run,3269514140,2020-04-08T05:36:55Z,g5236628,3.116,8.1,88.7,154.4,168
Berlin Afternoon Run,17065.5,5436,5675,53,Run,3258357982,2020-04-05T14:00:17Z,g5236628,3.139,5.9,87.4,157.7,166
Berlin Morning Run,8130.7,2526,2535,22,Run,3248577253,2020-04-03T05:44:44Z,g5236628,3.219,10.5,88,158,169
Berlin Morning Run,12019.3,3752,3781,30,Run,3230295353,2020-03-29T10:04:29Z,g5236628,3.203,4.5,89.1,165.1,176
Berlin Morning Run,10090.9,3138,3141,26,Run,3222500535,2020-03-27T05:38:06Z,g5236628,3.216,4.8,89.8,158.4,171
Morning Run,12040.8,3643,3725,34,Run,3215372687,2020-03-25T05:35:35Z,g5236628,3.305,5.6,91.7,159.7,172
[R] Active Recovery,8084.7,2558,2564,29,Run,3209098877,2020-03-23T05:47:24Z,g5236628,3.161,4.6,88.6,150.3,159
Berlin Afternoon Run,12081.2,3623,3785,28,Run,3207178132,2020-03-22T14:49:00Z,g5236628,3.335,6.4,89.1,161.5,181
Berlin Morning Run,10099.8,3121,3124,30,Run,3199342064,2020-03-20T05:45:19Z,g5236628,3.236,6.2,89.7,155.9,170
Berlin Morning Run,10124.1,2990,3010,30,Run,3196298562,2020-03-19T05:38:38Z,g5236628,3.386,5.9,91.2,162.7,177
Berlin Morning Run,8060.8,2522,2533,28,Run,3187622149,2020-03-16T05:41:18Z,g5236628,3.196,4.1,89.9,159.1,168
Berlin Morning Run,12567.6,3883,3906,47,Run,3184530442,2020-03-15T08:55:27Z,g5236628,3.237,4.9,88.7,168,188
Berlin Morning Run,12013.4,3531,3565,31,Run,3173156854,2020-03-11T05:36:44Z,g5236628,3.402,5.6,93.7,167.3,192
Berlin Morning Run,10274.6,3145,3145,29,Run,3167580127,2020-03-09T05:40:15Z,g5236628,3.267,8.8,88.4,159.4,173
[R] Active Recovery,8068.8,2625,2659,26,Run,3152533262,2020-03-04T06:09:15Z,g5236628,3.074,5.3,88.9,149.1,156
Berlin Morning Run,12154,3487,3516,34,Run,3149498376,2020-03-03T05:35:41Z,g5236628,3.486,6.2,92.5,165.4,180
Berlin Morning Run,16025,4895,4902,47,Run,3143866635,2020-03-01T08:42:56Z,g5236628,3.274,6.5,90.4,169.4,183
Easy Berlin Morning Run,8016.8,2524,2524,26,Run,3651949366,2020-06-22T05:42:51Z,g6367487,3.176,4.9,88.7,147.1,154
Berlin Morning Run,12014.7,3738,3738,31,Run,3646574254,2020-06-21T05:40:23Z,g6367487,3.214,6.1,90.8,151.8,159
Easy Berlin Morning Run,8008.5,2519,2519,25,Run,3636768206,2020-06-19T05:45:55Z,g6367487,3.179,5.4,87.9,154.3,166
Berlin Morning Run,10060,2960,2960,28,Run,3632089363,2020-06-18T05:38:00Z,g6367487,3.399,5.7,91.8,162.8,179
Berlin Morning Run,10029.9,3060,3070,28,Run,3627054546,2020-06-17T05:38:08Z,g6367487,3.278,4.9,90.4,156.8,172
Berlin Morning Run,10053.7,3082,3093,27,Run,3616826719,2020-06-15T05:34:18Z,g6367487,3.262,5.6,89.8,154.7,167
Berlin Morning Run,10027.4,3080,3080,28,Run,3611045367,2020-06-14T05:49:46Z,g6367487,3.256,5.3,89.6,156.4,167
Berlin Morning Run,12011.8,3521,3524,32,Run,3601064760,2020-06-12T05:26:55Z,g5236628,3.411,5.1,92.5,163.2,181
[R] Active Recovery,8014.4,2546,2546,23,Run,3596075135,2020-06-11T05:43:27Z,g5236628,3.148,5.1,87.6,154.4,165
Berlin Morning Run,10015,2942,2942,32,Run,3591241939,2020-06-10T05:28:50Z,g5236628,3.404,5,90.4,166.2,181
Berlin Morning Run,10021,3021,3034,27,Run,3581060744,2020-06-08T05:35:46Z,g5236628,3.317,5.7,89.4,162.1,176
Berlin Morning Run,10000.3,3089,3111,28,Run,3550565460,2020-06-02T05:37:31Z,g5236628,3.237,5.6,89.6,155.1,166
Berlin Morning Run,10131.8,2774,2778,28,Run,3533591853,2020-05-30T05:40:29Z,g5236628,3.652,9.6,94.7,168.7,186
Berlin Morning Run,10023.5,3039,3039,27,Run,3523598449,2020-05-28T05:35:47Z,g5236628,3.298,6.2,89.6,159.9,174
Berlin Morning Run,10329,3134,3138,28,Run,3507249384,2020-05-25T05:39:50Z,g5236628,3.296,8,89.1,157,176
Berlin Morning Run,8044.2,2533,2533,28,Run,3507193383,2020-05-22T05:43:24Z,g5236628,3.176,5.7,88.1,152.8,164
Berlin Morning Run,10030.8,3190,3190,30,Run,3474817722,2020-05-19T05:29:35Z,g5236628,3.144,4.5,88.7,153.9,164
[R] Active Recovery,8029.1,2552,2552,25,Run,3469780082,2020-05-18T05:39:10Z,g5236628,3.146,7,89.2,148.6,158
[R] Active Recovery,8021.6,2579,2594,22,Run,3453095754,2020-05-15T05:43:37Z,g5236628,3.11,12.3,87.5,157.1,167
Berlin Morning Run,10014.8,3142,3153,34,Run,3432808427,2020-05-11T05:36:08Z,g5236628,3.187,4.4,90.1,156.2,174
[R] Active Recovery,8021.4,2568,2584,23,Run,3411254202,2020-05-07T05:38:19Z,g5236628,3.124,4.8,86.6,151.4,161
Berlin Morning Run,10026.6,3077,3077,30,Run,3394696449,2020-05-04T05:37:27Z,g5236628,3.259,5.5,90.7,156.6,173
Berlin Morning Run,8179,2543,2552,26.3,Run,3382877273,2020-05-02T05:47:43Z,g5236628,3.216,5.1,,,
Berlin Morning Run,16122.3,5075,5087,42,Run,3373679810,2020-04-30T05:05:45Z,g5236628,3.177,6.2,88.1,155,165
[R] Active Recovery,8043,2556,2568,24,Run,3364316044,2020-04-28T05:41:49Z,g5236628,3.147,4.7,87.5,152.9,160
Grunewaldturm,23050.5,7481,7788,138,Run,3354603844,2020-04-26T08:49:35Z,g5236628,3.081,5.6,87.1,162.7,185
Berlin Morning Run,10022.7,3124,3124,29,Run,3339141212,2020-04-23T05:38:56Z,g5236628,3.208,5.6,89,157.8,166
Berlin Berlin Morning Run,10031.4,3145,3159,35,Run,3329106989,2020-04-21T05:37:04Z,g5236628,3.19,5.3,89.1,158.8,170
Berlin THF Touch and Go,14542.9,4454,4532,39,Run,3319630722,2020-04-19T08:55:47Z,g5236628,3.265,11.6,89.3,160.5,179
Berlin Afternoon Run,10048.2,3161,3296,35,Run,3312242713,2020-04-17T17:07:50Z,g5236628,3.179,5.4,86.6,159.8,177
Berlin Berlin Morning Run,10052.5,3105,3115,31,Run,3300636659,2020-04-15T05:38:43Z,g5236628,3.238,6.7,90,155.6,164
Berlin Morning Run,10034.2,3194,3194,49,Run,3291866472,2020-04-13T06:35:33Z,g5236628,3.142,4.7,87.1,152.9,165
Berlin Morning Run,10152.5,3167,3180,31,Run,3282464374,2020-04-11T05:34:52Z,g5236628,3.206,8,88.8,155.8,164
Berlin Morning Run,10034,3220,3220,27,Run,3269514140,2020-04-08T05:36:55Z,g5236628,3.116,8.1,88.7,154.4,168
Berlin Afternoon Run,17065.5,5436,5675,53,Run,3258357982,2020-04-05T14:00:17Z,g5236628,3.139,5.9,87.4,157.7,166
Berlin Morning Run,8130.7,2526,2535,22,Run,3248577253,2020-04-03T05:44:44Z,g5236628,3.219,10.5,88,158,169
Berlin Morning Run,12019.3,3752,3781,30,Run,3230295353,2020-03-29T10:04:29Z,g5236628,3.203,4.5,89.1,165.1,176
Berlin Morning Run,10090.9,3138,3141,26,Run,3222500535,2020-03-27T05:38:06Z,g5236628,3.216,4.8,89.8,158.4,171
Morning Run,12040.8,3643,3725,34,Run,3215372687,2020-03-25T05:35:35Z,g5236628,3.305,5.6,91.7,159.7,172
[R] Active Recovery,8084.7,2558,2564,29,Run,3209098877,2020-03-23T05:47:24Z,g5236628,3.161,4.6,88.6,150.3,159
Berlin Afternoon Run,12081.2,3623,3785,28,Run,3207178132,2020-03-22T14:49:00Z,g5236628,3.335,6.4,89.1,161.5,181
Berlin Morning Run,10099.8,3121,3124,30,Run,3199342064,2020-03-20T05:45:19Z,g5236628,3.236,6.2,89.7,155.9,170
Berlin Morning Run,10124.1,2990,3010,30,Run,3196298562,2020-03-19T05:38:38Z,g5236628,3.386,5.9,91.2,162.7,177
Berlin Morning Run,8060.8,2522,2533,28,Run,3187622149,2020-03-16T05:41:18Z,g5236628,3.196,4.1,89.9,159.1,168
Berlin Morning Run,12567.6,3883,3906,47,Run,3184530442,2020-03-15T08:55:27Z,g5236628,3.237,4.9,88.7,168,188
Berlin Morning Run,12013.4,3531,3565,31,Run,3173156854,2020-03-11T05:36:44Z,g5236628,3.402,5.6,93.7,167.3,192
Berlin Morning Run,10274.6,3145,3145,29,Run,3167580127,2020-03-09T05:40:15Z,g5236628,3.267,8.8,88.4,159.4,173
[R] Active Recovery,8068.8,2625,2659,26,Run,3152533262,2020-03-04T06:09:15Z,g5236628,3.074,5.3,88.9,149.1,156
Berlin Morning Run,12154,3487,3516,34,Run,3149498376,2020-03-03T05:35:41Z,g5236628,3.486,6.2,92.5,165.4,180
Berlin Morning Run,16025,4895,4902,47,Run,3143866635,2020-03-01T08:42:56Z,g5236628,3.274,6.5,90.4,169.4,183
Berlin Morning Run,14073.4,4355,4362,34,Run,3138090194,2020-02-28T05:23:14Z,g5236628,3.232,4.6,91.2,160.7,170
Berlin Morning Run,12092.5,3767,3792,32,Run,3135447431,2020-02-27T05:29:24Z,g5236628,3.21,5.3,89.4,163.7,173
Morning Run,8012.3,2464,2464,27,Run,3129805784,2020-02-25T05:42:57Z,g5236628,3.252,5.4,88.4,169,184
Morning Run,10014.5,2873,2876,33,Run,3112603156,2020-02-19T05:38:54Z,g5236628,3.486,5,94,170.2,188
[R] Active Recovery (fasted),8057.4,2554,2554,27,Run,3106839776,2020-02-17T05:34:19Z,g5236628,3.155,5,88.5,152.8,163
Morning Run,10130.2,3137,3137,30,Run,3095425163,2020-02-13T05:38:23Z,g5236628,3.229,4.9,90.4,162.3,176
Morning Run,10038.5,3174,3193,35,Run,3089727937,2020-02-11T05:39:51Z,g5236628,3.163,4.7,87.9,163.4,175
Easy Morning Run,10061,3243,3243,26,Run,3058337679,2020-01-31T05:38:47Z,g5236628,3.102,4.2,89,148.9,156
[R] Active Recovery w/ Strides,10190.9,3205,3220,33,Run,3052677598,2020-01-29T05:37:29Z,g5236628,3.18,6.6,90.9,152.8,165
[L] Berlin Lunch Run,33840.7,10065,10320,130,Run,3045317338,2020-01-26T12:14:53Z,g5236628,3.362,25.2,89.9,158.1,179
Berlin Morning Run w/ Strides & Hill Sprints,13031.7,4003,4025,41,Run,3038182968,2020-01-24T05:30:36Z,g5236628,3.255,5.2,91.2,159,175
[GA] Berlin Morning Run,13018.7,4003,4003,40,Run,3029701412,2020-01-21T05:30:34Z,g5236628,3.252,4.9,92.3,153.7,160
[L] Long Run,32144.3,10642,11216,113,Run,3024599733,2020-01-19T09:37:22Z,g5236628,3.021,9.4,88.9,159.2,170
[R] Active Recovery w/ Strides ,10149.8,3165,3184,26,Run,3015376157,2020-01-16T05:41:45Z,g4990035,3.207,4.9,88.4,154.6,172
Berlin Morning Run,20151.3,6210,6213,65,Run,3009500361,2020-01-14T04:48:44Z,g5236628,3.245,6,92.3,158.8,172
Berlin Morning Run,10171.3,3205,3231,29,Run,3006826647,2020-01-13T05:40:17Z,g5236628,3.174,4.9,91.2,151,159
"Water Bladder burst, soaking wet",11458.4,3727,3776,46,Run,3003625293,2020-01-12T09:04:57Z,g5236628,3.074,5.8,89.6,154.2,162
[R] Active Recovery,6088.5,2009,2009,0,Run,3001125116,2020-01-11T12:52:18Z,g5236628,3.031,3.2,90.4,149.6,157
Berlin Morning Run,16102.8,5049,5049,46,Run,2992039385,2020-01-08T05:15:09Z,g5236628,3.189,4.9,91.3,155.9,165
[R] Active Recovery w/ Strides,10175.4,3325,3331,32,Run,2989057652,2020-01-07T05:33:11Z,g5236628,3.06,6.1,88.6,149,161
Berlin Morning Run,29049.7,9281,9375,111,Run,2983241414,2020-01-05T07:21:08Z,g5236628,3.13,12.4,89.6,157.9,191
Berlin Morning Run,18008.2,5448,5471,48,Run,2974580838,2020-01-02T05:11:41Z,g5236628,3.305,4.5,91.8,154.7,165
[R] Active Recovery,7021.7,2253,2266,23,Run,2972207787,2020-01-01T10:09:19Z,g5236628,3.117,6.4,87,150,158
[LT] Berlin Morning Run,16157.9,4731,4773,44,Run,2969754681,2019-12-31T10:18:46Z,g4644595,3.415,5,90.8,163.8,179
Berlin Morning Run,19030.1,5600,5600,52,Run,2964549822,2019-12-29T09:49:37Z,g5236628,3.398,4.8,90.9,161.5,172
[R] Active Recovery,8117.5,2616,2620,25,Run,2961490491,2019-12-28T06:45:12Z,g5236628,3.103,4.6,85.4,150.8,161
[GA] Berlin Morning Run,13067.4,3977,3977,29,Run,2956649226,2019-12-26T06:54:11Z,g5236628,3.286,5.6,87.7,157.9,170
[GA] Berlin Morning Run,13178.6,3972,3972,32,Run,2952616632,2019-12-24T06:31:48Z,g5236628,3.318,4.7,88.4,163,184
[R] On the road again...,8134.5,2544,2544,22,Run,2946052509,2019-12-21T07:15:52Z,g5236628,3.198,6.2,86.9,152.9,168
Treadmill Thursday ,10023.4,3303,3452,0,Run,2928518660,2019-12-12T17:01:40Z,g5236628,3.035,3.1,87.3,147.6,155
[R] Active Recovery Run,8144.6,2635,2640,29,Run,2925409735,2019-12-11T05:46:07Z,g5236628,3.091,5,86.9,149.5,159
[LT] Berlin Morning Run,14216.7,4095,4106,26,Run,2923168034,2019-12-10T05:23:52Z,g4990035,3.472,5,90.6,161.7,171
[L] Berlin Morning Long Run,24029.6,7396,7434,97,Run,2918758859,2019-12-08T07:26:06Z,g5236628,3.249,4.9,88.6,158.6,171
[R] Gym Warmup ,6009,1971,1971,0,Run,2916898737,2019-12-07T12:45:43Z,g4002643,3.049,3.2,86.8,150.9,157
[GA] Treadmill Thursday ,15014.7,4709,4709,0,Run,2913114175,2019-12-05T15:46:13Z,g5236628,3.189,3.4,89.5,155.7,168
[R] Berlin Morning Run,8141.8,2634,2643,24,Run,2909947442,2019-12-04T05:44:30Z,g5236628,3.091,5,88.5,151.3,157
[GA] Easing back in after escaping the flu,10195.6,3240,3274,28,Run,2907573101,2019-12-03T05:42:27Z,g5236628,3.147,5.2,86.3,153.4,174
Berlin Morning Run,13008.7,3931,3939,31,Run,2896480560,2019-11-28T05:31:25Z,g4990035,3.309,6.2,90.2,164.9,195
[R] Active Recovery ,6016.6,2000,2002,21,Run,2894326990,2019-11-27T06:02:02Z,g5236628,3.008,4.5,87.8,148.7,156
[GA] Berlin Morning Run,16225.7,4884,4909,50,Run,2891892351,2019-11-26T05:17:01Z,g5236628,3.322,8.2,89.2,156.5,176
[L] Morning Long Run,23722,6339,6439,59,Run,2887325492,2019-11-24T09:37:08Z,g4644586,3.742,16,89.2,165.4,179
Warm Up Gym Session,1649.6,587,587,0,Run,2884574835,2019-11-23T09:37:53Z,g4002643,2.81,3.2,85.2,144.3,159
[R] Active Recovery,8008.5,2595,2595,21,Run,2882447965,2019-11-22T05:41:50Z,g4990035,3.086,5.7,85.1,152.6,162
[GA] Berlin Morning Run,16100,4951,4994,44,Run,2880224263,2019-11-21T05:16:31Z,g4644586,3.252,5.2,87.2,159.6,181
Berlin Morning Run w/ Strides,14018.9,4269,4275,30,Run,2875367509,2019-11-19T05:31:09Z,g4644595,3.284,6.7,88.6,160.7,178
Berlin Morning Run,19017.2,5732,5732,60,Run,2870516084,2019-11-17T07:36:11Z,g4644586,3.318,4.7,89.5,160.7,171
Recovery Run,6901.4,2210,2217,23,Run,2865744973,2019-11-15T05:54:05Z,g4644586,3.123,5.2,85.8,149.1,158
Berlin Morning Run,14187.5,4300,4306,31,Run,2863615539,2019-11-14T05:24:15Z,g4644586,3.299,4.6,89.3,156,167
Berlin Morning Run,13047.8,3740,3773,29,Run,2858949301,2019-11-12T05:39:18Z,g4644586,3.489,4.9,90.2,169.6,180
Morning Run w/ Intervals,8074.9,2291,2301,23,Run,2849185546,2019-11-08T05:44:10Z,g4644586,3.525,4.6,90,167,191
Just Another Morning Run,10128.3,3201,3201,26,Run,2844500687,2019-11-06T05:42:31Z,g4644586,3.164,5.2,86.4,156.4,168
Morning Run,10146.1,2892,2892,34,Run,2834407361,2019-11-02T05:47:52Z,g4644586,3.508,5.1,91,171.6,186
E8 Recovery,8112.7,2631,2670,27,Run,2830084898,2019-10-31T05:46:39Z,g4644586,3.084,4.3,85.8,150,159
Mainova Frankfurt Marathon ,44605.7,12882,12962,134,Run,2820947666,2019-10-27T10:02:37Z,g4644595,3.441,13.4,89.7,167.3,180
E8 Race Week,8065.5,2648,2648,21,Run,2814947891,2019-10-25T05:46:10Z,g4644586,3.046,4.6,85.3,152.1,159
Dress Rehearsal w/ 3km@MRP,10025.6,2998,3003,31.8,Run,2809995958,2019-10-23T05:42:30Z,g4644595,3.344,4.5,90,159.7,176
Morning Run @90% MRP,20033.4,6209,6278,55,Run,2802175740,2019-10-20T05:48:54Z,g4644586,3.227,4.6,89,157.2,168
Morning Run,10350.7,2846,2862,27,Run,2797369357,2019-10-18T05:46:43Z,g4644586,3.637,7,94.3,171.3,188
E8 Recovery ,8101.3,2726,2726,23,Run,2792458971,2019-10-16T05:43:41Z,g4644586,2.972,3.8,87,147.1,153
Morning Run w/ Intervals,10087.4,3004,3004,28,Run,2789828394,2019-10-15T05:42:47Z,g4644595,3.358,5.1,90.9,161.7,177
Morning Run,18158.8,5672,5698,45,Run,2784296993,2019-10-13T05:15:11Z,g4644586,3.201,4.7,90,156.2,170
Morning Run w/ Strides,13059.1,3850,3850,35,Run,2781467560,2019-10-12T05:35:16Z,g4644586,3.392,4.9,91.8,166,182
E8 Slow,8080.3,2677,2677,32,Run,2771627769,2019-10-08T05:46:05Z,g4644586,3.018,6.3,87.5,150,156
Evening Ride,0,1803,1803,0,Ride,2770819030,2019-10-07T20:32:54Z,,0,0,,107.5,134
Morning Run,10208.7,3042,3069,32,Run,2769283044,2019-10-07T05:44:32Z,g4644586,3.356,4.9,90.4,162.7,172
Morning Run,10207.5,3031,3066,35,Run,2761301805,2019-10-04T05:40:55Z,g4644586,3.368,4.8,90.1,158.3,170
On The Road Again - Regeneration ,10108.5,3117,3140,69,Run,2756174874,2019-10-02T05:47:00Z,g4644586,3.243,4.1,89.5,158.3,165
Berlin Marathon 2019,43043.9,13074,13096,121,Run,2749076104,2019-09-29T09:29:11Z,g4644595,3.287,6.5,89,168.3,186
Berlin Morning Run [Dahlem Loop],10097.3,3094,3117,27,Run,2740475655,2019-09-26T06:07:54Z,g4644586,3.264,4.3,89.6,158.2,167
Berlin Morning Run [Dahlem Loop],10192.3,3116,3130,32,Run,2735078417,2019-09-24T06:17:21Z,g4990035,3.271,4.7,90.7,155.5,162
Berlin Morning Run [Dahlem Loop],10182.6,2846,2850,28,Run,2729489613,2019-09-22T06:43:15Z,g4990035,3.578,5.5,93.7,166,180
Taper Morning Run [Dahlem Loop],10172.1,2994,2997,23,Run,2724083568,2019-09-20T06:11:23Z,g4990035,3.397,4.9,90.6,162.8,174
Taper Morning Run [Dahlem Loop],10201.2,3248,3248,30,Run,2715454537,2019-09-17T06:08:58Z,g4644586,3.141,6.6,88.3,151.7,159
Berlin Morning Run,20019.9,5996,6001,56,Run,2703844699,2019-09-13T05:07:12Z,g4644586,3.339,4.7,91.2,159.9,181
Berlin Morning Run,20076.7,6176,6263,53,Run,2701054692,2019-09-12T05:21:13Z,g4644586,3.251,6.1,90.2,156.4,170
Berlin Morning Run [Dahlem Loop],10142.3,2942,2956,27,Run,2695155878,2019-09-10T06:12:02Z,g4644586,3.447,4.9,91.9,158.5,171
Berlin Lunch Run,20025.8,6085,6324,55,Run,2687084054,2019-09-07T12:05:34Z,g4644595,3.291,5.2,91.5,154.8,164
Berlin Morning Run,20038,5936,5964,51,Run,2683826886,2019-09-06T05:18:25Z,g4644586,3.376,6.2,91.4,153.3,173
Easy Morning Run [Dahlem Loop],10255.6,3135,3163,25,Run,2681049745,2019-09-05T06:08:09Z,g4644586,3.271,6,89.2,151.2,159
Berlin Morning Run [Dahlem Loop],10183,2837,2837,29,Run,2675164031,2019-09-03T06:40:35Z,g4644586,3.589,5.3,92.8,161,181
Berlin Morning Run,30027,10362,10931,98,Run,2669607230,2019-09-01T08:08:09Z,g4880092,2.898,5,85.7,152.9,167
Berlin Morning Run,19921.7,6105,6105,51,Run,2660782324,2019-08-29T04:48:00Z,g4644586,3.263,4.6,90.5,155.9,174
Intervals (4x1000@4:10 -> 4:04 - 4:02 - 4:10 - 4:10) [Dahlem Loop],10275.8,2892,2919,27,Run,2657891455,2019-08-28T05:49:46Z,g4644586,3.553,5.5,92.3,164.1,182
Easy Morning Run [Dahlem Loop],10206,3114,3114,27,Run,2654807462,2019-08-27T05:46:57Z,g4644595,3.277,4.3,90.1,151.5,159
Berlin Morning Run [Dahlem Loop],10188.1,3013,3013,27,Run,2652080494,2019-08-26T05:45:18Z,g4644586,3.381,4.6,92.3,152.5,167
DNF Sportscheck Run,9382.5,2534,2534,27,Run,2649066127,2019-08-25T09:01:13Z,g4644595,3.703,5.7,91.5,175.3,186
Berlin Morning Run,20323.8,6206,6206,53,Run,2640233695,2019-08-22T04:40:10Z,g4644595,3.275,4.7,88.7,148.5,160
Berlin Morning Run [Dahlem Loop],10207.9,2988,2996,26,Run,2634228026,2019-08-20T05:46:39Z,g4644586,3.416,4.7,91.8,153.6,167
Berlin Morning Run [Dahlem Loop],10150.2,2798,2798,25,Run,2631543667,2019-08-19T05:52:51Z,g4644595,3.628,5.4,95.2,163.5,174
Berlin Morning Run,13515.9,4030,4129,51,Run,2628650308,2019-08-18T08:25:45Z,g4644586,3.354,4.8,90.6,159.4,182
Intervals (4x1000@4:10 -> 4:16 - 4:07 - 4:07 - 4:05) [Dahlem Loop],10124.5,2881,2881,22,Run,2622986623,2019-08-16T05:37:00Z,g4644595,3.514,4.7,91.8,163.7,180
Easy Berlin Morning Run [Dahlem Loop],10192.1,3056,3059,31,Run,2620085822,2019-08-15T05:46:36Z,g4644586,3.335,5.1,90.5,151.5,162
Berlin Morning Run üêó,19836.2,5882,5887,52,Run,2617307845,2019-08-14T04:47:12Z,g4644586,3.372,5.1,90.6,156.1,181
Easy Morning Run [Dahlem Loop],10130.8,3076,3076,29,Run,2614239786,2019-08-13T05:38:13Z,g4644586,3.293,4.9,89.7,152.3,162
Berlin Morning Run [Dahlem Loop],10124.5,2778,2778,24,Run,2611620196,2019-08-12T05:43:41Z,g4644586,3.645,4.6,93.2,164.7,181
Berlin Morning Run,28311.7,8976,9024,88,Run,2603407510,2019-08-09T05:04:43Z,g4644595,3.154,6.1,87.4,152.8,176
Berlin Morning Run [Dahlem Loop],10130.7,2977,3022,26,Run,2600467574,2019-08-08T05:50:20Z,g4644595,3.403,5.1,92.6,158.6,180
Berlin Morning Run,19377.7,5998,5998,58,Run,2597612182,2019-08-07T04:58:42Z,g4644586,3.231,5.1,89,153.1,173
Berlin Morning Run [Dahlem Loop],10131.3,2864,2908,24,Run,2594594714,2019-08-06T05:51:01Z,g4644595,3.537,5.1,92.2,163.8,181
Berlin Morning Run [Dahlem Loop],10143.4,3075,3075,28,Run,2588557492,2019-08-04T05:53:24Z,g4644586,3.299,8.5,88.9,151.3,182
Berlin Morning Run [Dahlem Loop],10109.1,2876,2876,28,Run,2583179734,2019-08-02T05:52:48Z,g4644586,3.515,6,92.9,160.5,192
Easy Morning Run,19864.1,6157,6157,50,Run,2577472986,2019-07-31T04:52:14Z,g4644586,3.226,4.8,90.4,152.8,164
Easy Morning Run [Dahlem Loop],10085.5,3045,3057,28,Run,2574547230,2019-07-30T05:46:54Z,g4644586,3.312,5,90.3,158.3,192
Berlin Morning Run [Dahlem Loop],10100.8,2882,2904,27,Run,2571785221,2019-07-29T05:42:19Z,g4644595,3.505,5,93.7,168.2,185
Berlin Morning Run,28243.4,8774,8824,94,Run,2563752306,2019-07-26T05:04:40Z,g4644595,3.219,4.3,87.9,159.6,175
Berlin Morning Run,19220.7,5700,5700,57,Run,2558225598,2019-07-24T05:00:48Z,g4644586,3.372,4.9,90.6,162.3,186
Berlin Morning Run [Dahlem Loop],10083.2,2831,2859,25,Run,2552624462,2019-07-22T05:49:03Z,g4644595,3.562,5.4,94.5,167.4,178
Cool Down ,1332.5,418,418,0,Run,2549555116,2019-07-21T07:15:22Z,g4644595,3.188,4,86.1,156.3,162
Berlin Morning Run,17200.4,5061,5061,50,Run,2549555136,2019-07-21T05:46:25Z,g4644595,3.399,4.9,90.4,162.5,178
Berlin Morning Run [Dahlem Loop],10079.5,2860,2860,29,Run,2544418365,2019-07-19T05:48:43Z,g4644586,3.524,5.2,93.8,164,181
Berlin Afternoon Run,4260,1326,1341,23,Run,2542904110,2019-07-18T17:11:39Z,g4644586,3.213,4.6,85.7,162.5,171
Berlin Morning Run [Dahlem Loop],10031.6,2845,2845,25,Run,2538840484,2019-07-17T05:43:05Z,g4644586,3.526,4.8,93,165.7,183
Berlin Morning Run [Dahlem Loop],10030.8,2902,2902,30,Run,2535788877,2019-07-16T05:50:32Z,g4644595,3.457,7.3,92.6,166.7,179
Berlin Morning Run [Dahlem Loop],10124.9,2829,2829,25,Run,2527196546,2019-07-13T05:40:53Z,g4644595,3.579,5.2,93,165.2,183
Berlin Morning Run,19226.6,5580,5669,62,Run,2519449885,2019-07-10T05:06:13Z,g4002643,3.446,5.1,90.2,166.4,186
Berlin Morning Run [Dahlem Loop] Milestone Sub 4:30,10148.8,2713,2713,28,Run,2513676854,2019-07-08T05:45:01Z,g4644595,3.741,4.8,94.1,175.5,200
Berlin Morning Run [Dahlem Loop],10109.4,2784,2784,29,Run,2507691461,2019-07-06T05:51:22Z,g4644586,3.631,5,92,165.6,182
Berlin Morning Run [Dahlem Loop],10120.5,2748,2748,28,Run,2502527835,2019-07-04T05:44:31Z,g4644595,3.683,5.2,91.3,165.6,191
Baltrum Morning Run,10159.7,2865,2865,18,Run,2494194926,2019-07-01T05:46:33Z,g4002643,3.546,4.7,91.1,162.2,180
Baltrum Morning Run,10898,3279,3298,21,Run,2488669421,2019-06-29T05:37:54Z,g4002643,3.324,4.5,89.8,160.3,181
Baltrum Morning Run,10033.8,2883,2909,24,Run,2483821695,2019-06-27T05:37:35Z,g4002643,3.48,4.6,91.5,155.2,182
Baltrum Morning Run,10145.1,2905,2905,20,Run,2481095697,2019-06-26T05:40:01Z,g4002643,3.492,4.6,90.8,160.7,184
Baltrum Morning Run,10158.4,3043,3043,27,Run,2472965247,2019-06-23T09:36:13Z,g4002643,3.338,4,88.6,160.9,181
Baltrum Morning Run,10185.7,2946,2946,22,Run,2467564936,2019-06-21T07:44:59Z,g4002643,3.457,4.6,91.6,161.1,183
Baltrum Morning Run,7242.7,2217,2239,19,Run,2462363425,2019-06-19T09:22:38Z,g4002643,3.267,3.9,90.6,162.5,180
Baltrum Morning Run /w kit,12504.2,4102,4182,20,Run,2462278779,2019-06-19T07:48:59Z,g4002643,3.048,3.7,87.3,158.2,169
Baltrum Morning Run,10174,2997,3034,24,Run,2456724111,2019-06-17T07:35:03Z,g4002643,3.395,4.4,91,162.8,181
Trail & Street Mix,7553,2099,2099,21,Run,2454816907,2019-06-16T14:38:25Z,g4002643,3.598,4.5,92.1,168.8,182
Trail & Beach Run,8743.2,2686,2686,25,Run,2449556817,2019-06-14T17:35:59Z,g4002643,3.255,4,88.3,165.7,182
Morning Run [Dahlem Loop],10133.8,2945,2945,30,Run,2438137917,2019-06-10T06:10:14Z,g4002643,3.441,6.4,92.3,164.8,190
Morning Run [Dahlem Loop],10021.4,2847,2847,26,Run,2434942862,2019-06-09T06:13:23Z,g4002643,3.52,7.5,93.4,171.5,188
Morning Run¬†[Dahlem Loop],10062.7,2792,2816,28,Run,2430010492,2019-06-07T06:08:40Z,g4002643,3.604,6,93.8,170,192
Morning Run,6928,2009,2018,26,Run,2424647849,2019-06-05T06:08:39Z,g3161333,3.448,4.8,92.9,169,185
Morning Run¬†[Dahlem Loop],10066.1,2813,2824,28,Run,2405550932,2019-05-29T06:06:08Z,g3161333,3.578,5,94.5,169.5,202
Morning Run¬†[Dahlem Loop],19709,5958,6002,54,Run,2400552445,2019-05-27T05:09:16Z,g3379887,3.308,4.9,91.3,169.3,198
Morning Run¬†[Dahlem Loop],10085.4,2890,2893,26,Run,2392461885,2019-05-24T06:01:29Z,g3161333,3.49,5.1,93,162.8,181
Morning Run [Dahlem Loop] [Dahlem Loop],10071.9,2794,2800,28,Run,2387050519,2019-05-22T06:10:38Z,g4002643,3.605,4.7,93.1,172.1,187
Morning Run¬†[Dahlem Loop]¬†[Dahlem Loop]¬†[Dahlem Loop],10105.1,2949,2949,27,Run,2378866104,2019-05-19T06:10:32Z,g3161333,3.427,4.9,92.3,161.7,186
Morning Run¬†[Dahlem Loop],10037.1,2862,2867,28,Run,2376112660,2019-05-18T06:07:18Z,g3161333,3.507,5.1,93.8,169.3,189
Morning Run¬†[Dahlem Loop],10102.5,2875,2879,30,Run,2371432126,2019-05-16T06:09:35Z,g4002643,3.514,4.6,93.2,171.9,191
Morning Run [Dahlem Loop],10019,2878,2894,27,Run,2365869256,2019-05-14T06:07:16Z,g3161333,3.481,4.7,93.9,170.7,190
Morning Run,19750.2,5864,5864,74.1,Run,2355434545,2019-05-10T05:10:45Z,g4002643,3.368,4.8,91.3,169.4,188
Morning Run,10074.5,2847,2874,31,Run,2350675797,2019-05-08T06:08:06Z,g3161333,3.539,5,92.9,172.4,190
Morning Run,10185.7,2941,2945,27,Run,2342633563,2019-05-05T06:17:41Z,g4002643,3.463,5.3,91.1,163.8,185
Morning Run - Good to Go,10090.1,2981,2981,30,Run,2332197392,2019-05-01T06:16:32Z,g3161333,3.385,5.2,91.3,165.2,185
Haspa Hamburg Marathon ,42436.5,13552,13552,148,Run,2325111502,2019-04-28T09:31:39Z,g4002643,3.131,5.3,86.5,169.8,195
"Tapering Week Run (missed to record first 1.5 km, but was roughly same pace)",8929.1,2610,2645,20,Run,2311659558,2019-04-23T06:12:02Z,g4002643,3.421,4.7,92.3,169.9,189
Morning Long Run,30061.7,9412,9424,116,Run,2293196944,2019-04-16T04:19:48Z,g3161333,3.194,5.1,89.2,159.2,178
Morning Run¬†¬†,20186.5,6037,6038,53,Run,2288202007,2019-04-14T06:12:26Z,g4002643,3.344,5.7,92.2,161.7,186
Morning Run,19718.8,6366,6380,54,Run,2283451551,2019-04-12T05:04:48Z,g4002643,3.098,4.6,87.5,156.9,178
Morning Run,10142.4,3074,3077,29,Run,2276116294,2019-04-09T06:04:02Z,g3161333,3.299,4.8,91.3,158,172
Morning Run,21144.9,6212,6212,35,Run,2271269367,2019-04-07T10:09:55Z,g4002643,3.404,6.3,88.1,173.9,189
Morning Run,10113.4,2950,2953,26,Run,2265975027,2019-04-05T06:01:35Z,g4002643,3.428,4.4,91,165.7,184
Morning Run,10106.9,3079,3088,30,Run,2261338931,2019-04-03T06:07:45Z,g3161333,3.283,4.6,90,163.2,186
Morning Run,10109.9,2940,2943,35,Run,2258786653,2019-04-02T06:01:31Z,g4002643,3.439,4.4,90.6,168.3,189
Morning Run¬†¬†¬†[Dahlem Loop],10104.9,3270,3274,32,Run,2246157490,2019-03-28T06:01:43Z,g3161333,3.09,4.2,89.1,154,165
Morning Run,10155.9,2891,2891,26,Run,2243670463,2019-03-27T05:57:33Z,g3161333,3.513,5.2,93,168.8,191
Morning Run,19365.2,5999,6023,62,Run,2238934781,2019-03-25T05:10:02Z,g4002643,3.228,4.4,89.7,159,179
Morning Run,19751.8,6303,6311,62,Run,2230937815,2019-03-22T05:08:29Z,g4002643,3.134,4.8,88.1,155.4,174
Morning Run,10126.7,3219,3222,29.6,Run,2228589267,2019-03-21T05:53:10Z,g4002643,3.146,7.4,,154.3,169
Morning Run,10145,3272,3282,29.6,Run,2223638568,2019-03-19T06:06:15Z,g3161333,3.101,6.2,,155.3,166
Morning Run,10087.4,3092,3092,29.3,Run,2221466746,2019-03-18T06:03:56Z,g4002643,3.262,7.7,,157.9,175
Morning Run,10116.6,3199,3250,29.4,Run,2216116485,2019-03-16T06:06:40Z,g3161333,3.162,6.5,,156.3,175
Morning Run,10109.7,3088,3095,29.4,Run,2214251715,2019-03-15T06:04:53Z,g4002643,3.274,7.2,,163.2,181
Morning Run,10123.8,3275,3280,29.5,Run,2209968351,2019-03-13T06:02:18Z,g4002643,3.091,7.3,,158.9,177
Morning Run,10154.8,3261,3275,29.4,Run,2207653116,2019-03-12T05:45:54Z,g4002643,3.114,6.7,,157.2,170
Morning Run,19757,6396,6396,70.1,Run,2202975979,2019-03-10T05:15:58Z,g4002643,3.089,6.5,,155.5,174
Morning Run,10165.4,3325,3325,29.4,Run,2198489066,2019-03-08T05:58:51Z,g4002643,3.057,7.4,,158.5,174
Morning Run,10124.8,3144,3203,29.3,Run,2196397711,2019-03-07T06:02:35Z,g4002643,3.22,6.6,,165.7,184
Morning Run,7529.5,2417,2417,24.5,Run,2189957966,2019-03-04T06:14:47Z,g4002643,3.115,7.2,,158.1,177
Morning Run,10176.8,3370,3370,29.4,Run,2187416648,2019-03-03T06:07:13Z,g4002643,3.02,7.7,,158.7,177
Morning Run,10186.7,3484,3490,29.4,Run,2178442680,2019-02-27T06:03:31Z,g4002643,2.924,6.1,,155.3,168
Morning Run,10140,3447,3476,29.5,Run,2161777779,2019-02-20T06:05:01Z,g4002643,2.942,8.8,,157.6,174
Morning Run,10119.4,3147,3157,29.5,Run,2157153432,2019-02-18T06:02:03Z,g4002643,3.216,7.4,,163.4,187
Morning Run,10168,3301,3301,29.5,Run,2140357721,2019-02-12T05:48:41Z,g4002643,3.08,6.9,,156.6,177
Easing back in after 1.5 weeks of full child duty,7509.4,2457,2482,24.6,Run,2138317196,2019-02-11T06:11:23Z,g4002643,3.056,6.7,,153.8,163
Morning Run,10159.6,3101,3139,29.4,Run,2129542766,2019-02-07T06:02:35Z,g3161333,3.276,7.7,,165.5,192
Morning Run with some messy snowy parts,10204.3,3567,3567,29.7,Run,2118308773,2019-02-02T06:15:08Z,g3161333,2.861,5.8,,152,169
Morning Run,10169.5,3171,3192,29.6,Run,2108367514,2019-01-28T06:02:46Z,g4002643,3.207,7.3,,158.8,178
Morning Run,10182.6,3326,3326,29.6,Run,2105896241,2019-01-27T06:25:34Z,g4002643,3.062,7.2,,155.1,171
Morning Run,10166.8,3442,3487,29.6,Run,2099631579,2019-01-24T06:08:24Z,g4002643,2.954,6.2,,156.4,176
Morning Run - Today was just to show up...,7530.8,2672,2672,24.8,Run,2097476732,2019-01-23T06:09:27Z,g3379887,2.818,5.8,,156,166
Morning Run,10170.7,3332,3364,29.6,Run,2095261216,2019-01-22T06:05:15Z,g4002643,3.052,6.4,,157.2,174
Recovery Run,7537,2578,2584,24.8,Run,2093182644,2019-01-21T06:09:15Z,g3161333,2.924,6,,152.2,161
"Treadmill Acceleration Drill, started w/ 5:30 pace and took off 10s every km",10000,2874,2874,0,Run,2090739686,2019-01-20T09:17:41Z,g2947047,3.479,0,,,
Morning Run,10152.6,3129,3141,29.7,Run,2086260419,2019-01-18T06:04:26Z,g3161333,3.245,6.1,,166.2,184
Morning Run,10146.1,3421,3499,29.4,Run,2081920115,2019-01-16T06:06:24Z,g4002643,2.966,6.7,,158.7,178
Easy Run,10127.5,3422,3422,29.7,Run,2079515290,2019-01-15T06:00:36Z,g4002643,2.96,5.5,,157.1,173
Morning Run,10185,3430,3430,29.7,Run,2070354390,2019-01-11T06:00:26Z,g2947047,2.969,7.4,,157.7,166
Morning Run,10202.8,3259,3259,29.6,Run,2068154781,2019-01-10T06:01:49Z,g2947047,3.131,6.6,,164.4,179
Easy Run #fasted _,10183.1,3419,3443,29.6,Run,2065868374,2019-01-09T05:58:42Z,g3161333,2.978,5.7,,161.9,176
First run after nasty flu that grounded me on New Year‚Äòs Eve...,10160.8,3303,3325,29.7,Run,2063490039,2019-01-08T05:59:53Z,g3161333,3.076,6.3,,166.6,188
Morning Run #,10510.4,3352,3352,29.6,Run,2041318446,2018-12-29T06:12:22Z,g3161333,3.136,7.1,,158.3,179
Morning Run,19843.1,6559,6559,70.6,Run,2035639493,2018-12-26T06:10:42Z,g2947047,3.025,7.9,,155.2,181
Morning Run,20207.6,6475,6475,70.5,Run,2030750123,2018-12-23T06:11:03Z,g2947047,3.121,7.2,,161.1,181
Morning Run,10141.4,3212,3227,29.6,Run,2026100137,2018-12-20T05:59:16Z,g3161333,3.157,7.3,,162.1,175
Morning Run,10154.5,3184,3194,29.6,Run,2022776956,2018-12-18T06:04:02Z,g3379887,3.189,6.9,,159.9,177
Treadmill Fun,10000,2874,2874,0,Run,2020071010,2018-12-16T13:56:07Z,g2947047,3.479,0,,,
Morning Run,10164.4,3175,3175,29.6,Run,2014660527,2018-12-13T05:57:47Z,g3161333,3.201,6.9,,157.9,173
Morning Run,10162.6,2961,2961,29.6,Run,2009541454,2018-12-10T05:50:31Z,g3161333,3.432,7.1,,168.8,185
Morning Run,7510.4,2286,2350,24.8,Run,2000958435,2018-12-05T06:09:40Z,g3161333,3.285,6.4,,162.8,174
Morning Run,10142.8,3207,3230,29.6,Run,1997497227,2018-12-03T06:02:05Z,g3379887,3.163,6.3,,160.8,175
Morning Run,10143.7,3211,3218,29.5,Run,1992160916,2018-11-30T05:59:20Z,g3379887,3.159,6.4,,163.4,174
Morning Run,10188.9,3198,3215,27.4,Run,1988837894,2018-11-28T06:16:14Z,g2947047,3.186,7.3,,163.3,177
Morning Run,10161.2,3178,3178,27.3,Run,1987032412,2018-11-27T05:59:09Z,g3161333,3.197,7,,163.5,173
Morning Run,7481,2343,2343,22.3,Run,1979993105,2018-11-23T06:02:54Z,g3379887,3.193,7.2,,165.6,175
Morning Run,7503.1,2479,2492,22.5,Run,1976492189,2018-11-21T06:07:53Z,g3379887,3.027,6,,163.9,180
Morning Run,7502.7,2294,2302,22.6,Run,1973123821,2018-11-19T05:58:52Z,g3379887,3.271,6.3,,171,184
Morning Run,10180.2,3265,3265,27.5,Run,1963623764,2018-11-14T06:03:08Z,g3161333,3.118,6.2,,165.6,181
Afternoon Run,19663.6,6822,6906,76.1,Run,1941924906,2018-11-02T16:52:39Z,g2947047,2.882,6.7,,158.8,185
"Intervals 4@400<4:00 goal, getting back to it",6277.7,2193,2193,25.7,Run,1937050487,2018-10-31T06:15:53Z,g2947047,2.863,6.9,,159.5,196
Evening Run,10151.2,3273,3354,27.7,Run,1934380490,2018-10-29T18:03:50Z,g2947047,3.101,7.1,,164.6,175
Afternoon Run,10166.6,3233,3278,27.6,Run,1926856188,2018-10-25T17:57:06Z,g2947047,3.145,7,,165.4,176
First run after 2w injury break,10124.7,3185,3195,27.6,Run,1920074041,2018-10-22T06:02:46Z,g3161333,3.179,7,,166.9,181
"Tested new hydration bag, still problems with right shin",19795.8,6468,6618,83.4,Run,1891322270,2018-10-08T05:09:50Z,g3161333,3.061,6.6,,161,182
Morning Run,10154.6,3134,3163,47.6,Run,1878747736,2018-10-02T06:07:26Z,g2947047,3.24,6.6,,163.7,177
Morning Run,10187.3,3032,3032,46,Run,1870309007,2018-09-28T06:05:08Z,g2947047,3.36,6.8,,164.9,189
Morning Run,18792.3,6162,6227,76.7,Run,1862084548,2018-09-24T05:15:36Z,g2947047,3.05,6.4,,159.8,183
on the road again ,10185.8,3035,3035,45.7,Run,1855584205,2018-09-21T06:07:21Z,g3161333,3.356,7.5,,167,192
Berlin Marathon 2018,42791.4,14768,14960,346.6,Run,1845555973,2018-09-16T09:50:33Z,g4644569,2.86,7,,166.8,188
Morning Taper Ride,15955.4,3159,3337,63.6,Ride,1833566172,2018-09-11T06:11:01Z,,5.051,10.4,,125.2,145
Morning Run,10231.2,3013,3013,47.5,Run,1828850382,2018-09-09T06:12:10Z,g2947047,3.396,7.2,,160.6,180
Morning Run,10266.8,3226,3239,39.7,Run,1822538353,2018-09-06T06:04:04Z,g3161333,3.183,9.4,,160.4,176
Morning Run,19163.2,5859,6011,78.2,Run,1815812274,2018-09-03T05:17:05Z,g3161333,3.271,5.7,,167.8,184
Morning Run,9551.3,3024,3043,39.4,Run,1808978988,2018-08-31T06:11:16Z,g2947047,3.158,5.9,,159.1,169
Sportscheck Run 2018,21165.8,5960,5965,122.4,Run,1797961895,2018-08-26T09:01:18Z,g2947047,3.548,8.7,,179.6,193
Intervals 6@400<3:50,6265.1,2045,2081,38.8,Run,1791297354,2018-08-23T06:18:41Z,g2947047,3.064,6.4,,157.6,185
Morning Run,19804.4,6231,6272,84.3,Run,1784465133,2018-08-20T05:12:39Z,g2947047,3.178,7.5,,159.3,171
Intervals 5@400<3:50,6337.4,2081,2126,36.3,Run,1775377066,2018-08-16T05:24:25Z,g2947047,3.045,6.2,,157.4,183
Morning Run,19815,5766,5766,82.6,Run,1766167977,2018-08-12T05:32:43Z,g3161333,3.437,7.3,,168,183
"New Suunto steals 2km from 10k run, WTF?",10236.4,3067,3079,63.6,Run,1759790031,2018-08-09T06:06:55Z,g2947047,3.338,4.2,87.9,165.4,183
Morning Run,19709.4,5931,5947,83.2,Run,1753073668,2018-08-06T05:06:01Z,g2947047,3.323,7.8,,160.5,188
Morning Run,9328.7,2996,3009,36.7,Run,1746283766,2018-08-02T06:10:22Z,g2947047,3.114,7.9,,152.2,161
Morning Run,21713.6,7150,7167,110.3,Run,1737096827,2018-07-30T05:04:46Z,g2947047,3.037,6.3,,152.6,166
Morning Run,10172,3250,3250,44.7,Run,1734623308,2018-07-29T05:59:00Z,g2947047,3.13,6.3,,152.3,168
Morning Run,21578.7,7041,7077,112,Run,1723721723,2018-07-24T05:07:53Z,g3379887,3.065,6.6,,160.3,176
Morning Run,10105.8,3206,3240,42.9,Run,1719100171,2018-07-22T06:06:47Z,g2947047,3.152,7.6,,155.6,171
Intervals 6@400m<3:55,9972.2,3299,3307,62.4,Run,1714551218,2018-07-20T06:02:30Z,g2947047,3.023,7.7,,155,180
Morning Jog,9407.3,3063,3074,43.2,Run,1707693672,2018-07-17T06:08:06Z,g3161333,3.071,5.4,,155.2,165
Morning Run,19768.2,6293,6305,86,Run,1705665893,2018-07-16T05:06:03Z,g3379887,3.141,6.7,,161.8,179
Morning Run,10123.7,2952,3024,45.9,Run,1699033619,2018-07-13T06:04:48Z,g2947047,3.429,7.6,,170.8,187
Splish Splash Run,10145.8,3308,3308,42.5,Run,1696866947,2018-07-12T05:58:56Z,g2947047,3.067,6.7,,158.3,168
Morning Run,10082,3114,3136,43.7,Run,1681838311,2018-07-05T06:02:48Z,g2947047,3.238,6.7,,162.8,182
Intervals 5x500@<4:00 and easy loop,8677.4,2851,2910,46.2,Run,1677373621,2018-07-03T06:02:30Z,g3379887,3.044,6.2,,161.2,201
Morning Run,10047.1,3082,3082,48,Run,1666977655,2018-06-28T06:05:31Z,g2947047,3.26,7,,163.9,184
First Run with Hoka Clifton,9186.1,3003,3035,43.2,Run,1664838250,2018-06-27T06:03:35Z,g3379887,3.059,6.8,,157,170
Morning Run,10187,2978,2987,42.9,Run,1660555539,2018-06-25T06:00:57Z,g2947047,3.421,7.1,,168.1,188
Back in Berlin: Slow Morning Run ,10155.1,3301,3301,45.9,Run,1654135338,2018-06-22T06:02:30Z,g2947047,3.076,6.1,,152.9,168
Afternoon Run,9153,3060,3080,28.2,Run,1646356686,2018-06-18T14:08:08Z,g2947047,2.991,6.2,,164.8,185
Barefoot Running Acceleration Drill,4314.9,1505,1505,8.3,Run,1643380082,2018-06-17T06:23:28Z,g3368198,2.867,4.7,,151.1,183
Afternoon Run,13752,4816,4902,30.8,Run,1642300912,2018-06-16T15:56:22Z,g2947047,2.855,5.8,,159.1,181
Beware of the Rabbit Holes - Trailish@Baltrum,8045.2,2842,2873,37.1,Run,1635254905,2018-06-13T06:12:03Z,g2947047,2.831,5.4,,145.4,172
1st Barefoot Running @ Baltrum Beach ,4063,1474,1474,12.2,Run,1633898925,2018-06-12T16:41:30Z,g2947047,2.756,4.5,,170.4,196
5x5km BWB Team Staffel,4974.9,1359,1359,31.5,Run,1621806439,2018-06-06T20:23:55Z,g2947047,3.661,8,,173.7,186
Morning Run,9181.1,2964,3012,36.5,Run,1621004812,2018-06-05T06:23:44Z,g2947047,3.098,6.1,,155.5,173
Morning Run,19856,6526,6526,82.2,Run,1616061579,2018-06-04T05:18:40Z,g2947047,3.043,7.1,,152.1,166
Morning Run,10094.5,3091,3091,42.3,Run,1611119042,2018-06-02T06:11:37Z,g2947047,3.266,7,,162.1,187
Morning Run,9125.2,2833,2867,37.4,Run,1602980334,2018-05-29T06:14:53Z,g2947047,3.221,7.5,,159.4,176
Morning Run,10092.1,3131,3141,44.4,Run,1600867527,2018-05-28T06:03:59Z,g2947047,3.223,5.9,,160.7,179
Morning Run,9123.4,2964,2980,37.4,Run,1598428729,2018-05-27T06:16:56Z,g2947047,3.078,6.1,,153.9,174
Morning Run,10241.4,3238,3238,42.4,Run,1594394810,2018-05-25T06:08:04Z,g2947047,3.163,8,,156.8,174
Morning Run,19361.8,6401,6494,97.5,Run,1587987687,2018-05-22T05:13:11Z,g2947047,3.025,6.5,,153.6,172
Morning Run,9283,2929,2932,39.2,Run,1585768845,2018-05-21T06:15:29Z,g2947047,3.169,6.9,,153.2,166
Morning Run,10168.4,2879,2879,43.7,Run,1583208177,2018-05-20T06:13:22Z,g2947047,3.532,6.9,,167.6,191
Morning Run,10209.3,3223,3238,45.4,Run,1579224185,2018-05-18T06:03:46Z,g3161333,3.168,7.7,,157.4,172
Morning Run,19822,6264,6264,84.5,Run,1568464939,2018-05-13T05:46:32Z,g2947047,3.164,6.5,,158.1,179
Morning Run,10192.1,3261,3261,41.4,Run,1561398028,2018-05-10T06:04:35Z,g2947047,3.125,6.4,,158,174
Easy Morning Run,10249.2,3226,3239,44.3,Run,1554999897,2018-05-07T06:03:58Z,g3161333,3.177,10.8,,154.6,173
Morning Run,10181.7,2929,3013,39.8,Run,1548358309,2018-05-04T06:02:58Z,g2947047,3.476,7,,162.7,187
Morning Run,19240.8,6445,6461,95.6,Run,1542033199,2018-05-01T04:56:40Z,g2947047,2.985,8.6,,148.4,161
Morning Run,19292.5,5845,5845,93,Run,1537970632,2018-04-29T05:09:22Z,g2947047,3.301,8.3,,159.9,194
Morning Run,10178.4,2948,2980,41.4,Run,1532247268,2018-04-26T05:59:35Z,g3161333,3.453,8,,163.6,188
Uphill! Wind! Rain! Connemarathon!,42409,14698,14698,381.3,Run,1524997274,2018-04-22T10:30:43Z,g3161333,2.885,5.2,,165.9,215
Morning Run,10285.1,3241,3261,42.3,Run,1515243626,2018-04-18T06:07:39Z,g2947047,3.173,11,,152.3,174
Morning Run,19805.3,6519,6519,86.6,Run,1509131379,2018-04-15T06:05:23Z,g3161333,3.038,8,,154.9,173
Morning Run,10149.7,3016,3026,44.4,Run,1505387077,2018-04-13T06:00:45Z,g3161333,3.365,7,,162.9,188
First Run with Epic React,10169.9,3196,3199,38.6,Run,1501672769,2018-04-11T06:02:53Z,g3161333,3.182,7.5,,155.6,175
Easy Morning Run,10184.3,3289,3292,42.1,Run,1499749556,2018-04-10T06:00:09Z,g3142939,3.096,7.8,,150.8,164
Berlin Half Marathon,21477.1,6552,6552,227,Run,1496712529,2018-04-08T10:23:27Z,g2947047,3.278,8.2,,171.7,199
Morning Run,10172.8,3217,3217,42.4,Run,1490166455,2018-04-05T05:59:41Z,g3142939,3.162,6.9,,153,163
Morning Run,10543.7,3404,3417,46.2,Run,1488410459,2018-04-04T05:57:29Z,g2947047,3.097,6.2,,154.4,166
Morning Run,20198.3,6661,6661,85.4,Run,1484675168,2018-04-02T05:05:19Z,g2947047,3.032,6.9,,152.4,182
Morning Run,10200.5,3293,3339,41.2,Run,1480870487,2018-03-31T06:05:34Z,g2947047,3.098,9.1,,158,182
Morning Run,10561.5,3193,3193,46,Run,1479098723,2018-03-30T06:02:01Z,g2947047,3.308,7.4,,162.1,183
Morning Run,9564.2,3100,3103,37.3,Run,1477454163,2018-03-29T06:04:04Z,g2947047,3.085,7.5,,155.7,164
Morning Run,30514,9888,9936,177.7,Run,1470219064,2018-03-25T05:17:17Z,g2947047,3.086,7.6,,160.3,182
Morning Run,10098,3072,3078,46.1,Run,1466829611,2018-03-23T06:01:32Z,g2947047,3.287,8.4,,164.4,185
Morning Run,10156.3,3129,3137,41.7,Run,1463559812,2018-03-21T06:02:02Z,g2947047,3.246,8,,159.5,178
Morning Run,19774.9,6494,6500,83.1,Run,1460421441,2018-03-19T05:02:04Z,g3093936,3.045,7.3,,156.8,177
Morning Run,30293.7,10062,10155,158.6,Run,1456857408,2018-03-17T05:15:02Z,g2947046,3.011,9.6,,158.7,180
Morning Run,19066.9,6342,6356,81,Run,1453853900,2018-03-15T05:11:58Z,g2947046,3.006,6.4,,159,179
Morning Run,13813.4,4542,4618,58.5,Run,1448847490,2018-03-12T05:02:07Z,g2947046,3.041,8,,156.5,171
Morning Run,10116,3336,3336,47.2,Run,1443424208,2018-03-09T06:00:57Z,g2947046,3.032,6.6,,155.9,179
Morning Run,10460.3,3180,3193,46.5,Run,1441849127,2018-03-08T05:08:50Z,g2947046,3.289,6.6,,165.4,198
Morning Run,20029.5,6627,6651,85.7,Run,1438566530,2018-03-06T05:03:16Z,g2947046,3.022,6.6,,160.2,183
Blitzeis - no chance...,4938.9,1631,1631,20.2,Run,1437035956,2018-03-05T04:55:46Z,g2947046,3.028,5.8,,155.1,163
Morning Run @ -11C,9201.9,2900,2900,41.2,Run,1433424228,2018-03-03T06:07:19Z,g2947046,3.173,6.7,,164.5,178
Morning Run,10103.1,3268,3271,45,Run,1429514201,2018-02-28T06:01:41Z,g2947046,3.092,6.9,,161.2,178
Morning Run,10117.5,3124,3124,42.5,Run,1422794731,2018-02-24T05:56:50Z,g2947046,3.239,6.8,,163,178
Morning Run,10103.3,3142,3184,40.6,Run,1419940569,2018-02-22T06:13:31Z,g2947046,3.216,8,,168.9,184
Morning Run,10113.3,3158,3194,44.5,Run,1416595026,2018-02-20T06:19:34Z,g2947046,3.202,6.8,,164.7,186
Morning Run,12612.5,4035,4064,49.4,Run,1415096923,2018-02-19T05:58:27Z,g2947046,3.126,7.8,,164.8,185
Morning Run,10135.2,3231,3234,47.3,Run,1411179266,2018-02-17T06:18:28Z,g2947046,3.137,7.4,,165.8,178
Morning Run,10120.3,3185,3223,43.4,Run,1385785737,2018-02-01T06:06:10Z,g2947047,3.177,7.1,,164.8,178
1st run after 2w cold break,10111.5,3093,3093,46.1,Run,1378832167,2018-01-28T06:16:05Z,g2947046,3.269,6.6,,165.2,178
Morning Run,10113,3140,3140,43.4,Run,1365539239,2018-01-20T06:33:18Z,,3.221,6.9,,161.8,174
Morning Run,10135.2,2994,3006,43.4,Run,1358033210,2018-01-15T06:26:32Z,,3.385,6.8,,163.6,173
Morning Run,10107.2,3032,3032,49.2,Run,1352783622,2018-01-12T06:16:40Z,,3.334,6.6,,167.9,185
Morning Run,10109.5,3066,3076,47.1,Run,1349593506,2018-01-10T06:19:54Z,,3.297,7.5,,163.3,184
Morning Run,10144.3,3060,3063,43.6,Run,1346464978,2018-01-08T06:20:46Z,,3.315,7.1,,160.6,176
Morning Run,10145.5,2965,2965,44.3,Run,1342860801,2018-01-06T06:20:51Z,,3.422,6.6,,163.9,184
Morning Run,10139.2,3139,3154,44,Run,1338426681,2018-01-03T06:25:33Z,,3.23,6.7,,156.9,176
Morning Run,19852,6081,6102,81.4,Run,1332564093,2017-12-30T06:27:29Z,,3.265,7.2,,164.5,184
Morning Run,10091.2,3132,3132,43.2,Run,1326416417,2017-12-25T08:58:46Z,,3.222,7.5,,156.7,168
Morning Run,10083.7,3074,3074,42.3,Run,1325038960,2017-12-24T06:30:12Z,,3.28,6.1,,161.9,183
Morning Run,10127.5,3244,3262,43.5,Run,1321558004,2017-12-21T06:13:10Z,,3.122,6.4,,159.3,178
Morning Run,2599.1,853,853,15.6,Run,1321530221,2017-12-12T06:17:55Z,,3.047,5.4,,155.9,171
Morning Run,10114.6,3142,3168,46.9,Run,1307466090,2017-12-09T06:49:34Z,,3.219,6.9,,158.8,172
Morning Run,10029.6,3148,3148,44.5,Run,1299873413,2017-12-03T06:17:41Z,,3.186,5,,156.2,182
Morning Run,10044,2947,2947,45.7,Run,1292352921,2017-11-27T06:12:52Z,,3.408,5.2,,167.1,185
Morning Run,10053.6,2842,2894,42.6,Run,1288178644,2017-11-24T06:23:00Z,,3.538,5.2,,167.4,184
Morning Run,9983.1,3073,3079,47.4,Run,1282904528,2017-11-20T05:50:29Z,,3.249,7.1,,156.6,175
Morning Run,10015.3,2921,2938,42.2,Run,1277297892,2017-11-16T05:57:11Z,,3.429,5.1,,164.7,182
Morning Run,10030.3,2947,2947,47.2,Run,1271475289,2017-11-12T06:07:00Z,,3.404,4.6,,162.8,182
Morning Run,10046.5,2963,2963,47.3,Run,1268850763,2017-11-10T06:14:09Z,,3.391,4.9,,167.3,179
Morning Run,10058.6,2998,3022,47.4,Run,1267551746,2017-11-07T06:23:41Z,,3.355,5.9,,160.3,179
Morning Run,9942.3,3065,3065,47.3,Run,1260121403,2017-11-04T06:35:13Z,,3.244,5.8,,163,173
Morning Run,10087.5,3250,3250,47.1,Run,1258032703,2017-11-02T06:21:49Z,,3.104,5.7,,155.6,172
Morning Run,22322.5,7128,7128,124.6,Run,1254470321,2017-10-31T06:05:12Z,,3.132,4.9,,153.2,172
Morning Run,10043.2,3144,3144,47.3,Run,1253084376,2017-10-30T06:24:53Z,,3.194,5.3,,159.2,173
Morning Run,9971.3,2899,2899,46.1,Run,1249830362,2017-10-28T06:44:01Z,,3.44,6.2,,168.8,184
Morning Run,10038.1,3237,3237,45.1,Run,1245735779,2017-10-25T06:10:17Z,,3.101,4.1,,156.7,170
Morning Run,9958.7,3057,3057,46.6,Run,1242946121,2017-10-23T06:20:17Z,,3.258,5.1,,162.8,178
Morning Run,10039.8,3135,3151,46.7,Run,1239701891,2017-10-21T06:28:44Z,,3.202,10.2,,158.8,173
Morning Run,9999.1,3052,3052,47,Run,1238465460,2017-10-20T06:15:16Z,,3.276,6.9,,163.2,185
Rock'n'Roll Lisbon Marathon,42520.3,16146,16253,669.4,Run,1231333903,2017-10-15T08:02:41Z,g4002643,2.633,6.1,,161.6,202
Afternoon Run,6224.6,2073,2095,54.2,Run,1228434317,2017-10-13T17:03:30Z,,3.003,4.1,,154.1,175
Morning Run,10044.4,3167,3185,44.8,Run,1221946017,2017-10-09T06:04:54Z,,3.172,8.8,,156.4,169
Morning Run,9981.8,3148,3151,43.1,Run,1218511189,2017-10-07T06:43:30Z,,3.171,5.4,,158.5,169
Morning Run,19947.9,6611,6621,90.9,Run,1214346042,2017-10-04T05:20:55Z,,3.017,4.3,,156,168
Morning Run,9992.5,3184,3184,43.1,Run,1211430880,2017-10-02T06:05:54Z,,3.138,5.2,,156.7,168
Morning Run,17096.5,5460,5465,74.3,Run,1208011126,2017-09-30T05:54:41Z,,3.131,13.4,,160.6,179
Morning Run,9998.7,3348,3356,47.6,Run,1203659081,2017-09-27T05:57:52Z,,2.986,4.5,,158.9,179
Morning Run,10004.1,3281,3285,41.6,Run,1201983184,2017-09-26T05:50:25Z,,3.049,6.9,,159,172
Morning Run,9264.2,2969,2969,39.9,Run,1189455882,2017-09-18T05:55:47Z,,3.12,4.9,,154.5,179
Morning Run,9076.5,2873,2873,40,Run,1184553166,2017-09-15T05:40:45Z,,3.159,6.7,,159.7,187
Morning Run,15920.1,5197,5257,64.7,Run,1184514034,2017-09-11T05:29:58Z,,3.063,5.3,,154.7,172
Morning Run,8888.7,2661,2661,39.8,Run,1176743915,2017-09-10T06:29:39Z,,3.34,4.5,,162.1,189
Morning Run,9385.7,2979,2989,43.7,Run,1176595054,2017-09-07T06:03:13Z,,3.151,5.5,,157.7,167
Morning Run,15005.6,4910,4924,57.2,Run,1170104287,2017-09-05T05:39:53Z,,3.056,4.2,,159.1,179
Morning Run,5214.2,1676,1676,51.9,Run,1170104044,2017-09-03T06:10:49Z,,3.111,4.9,,155,166
Morning Run,5299.8,1550,1550,46.7,Run,1165380977,2017-08-29T06:02:18Z,,3.419,5.1,,163.3,188
Morning Run,10549.1,3472,3472,98.4,Run,1157428354,2017-08-27T06:03:46Z,,3.038,4.6,,156.3,168
Afternoon Run,19011.8,5625,5901,59,Run,4145769166,2020-10-03T15:13:14Z,g6367487,3.38,5.6,88.2,162.2,173
Easy Morning Run,12014.1,3800,3800,28,Run,4148140360,2020-10-04T05:32:58Z,g6367487,3.162,5.3,88.2,148.1,158
Berlin Tempo Run,10010.1,2927,2930,25,Run,4126395768,2020-09-29T05:40:01Z,g6367487,3.42,5.7,89.9,162.9,180
Berlin Tempo Run,10010.1,2927,2930,25,Run,4126395768,2020-09-29T05:40:01Z,g6367487,3.42,5.7,89.9,162.9,180
Berlin Tempo Run,10010.1,2927,2930,25,Run,4126395768,2020-09-29T05:40:01Z,g6367487,3.42,5.7,89.9,162.9,180
